singkat,hasil
abis,habis
accent,tekanan
accept,terima
accident,kecelakaan
achievement,prestasi
acra,acara
acrany,acaranya
acrnya,acaranya
action,aksi
active,aktif
activity,aktivitas
actually,sebenarnya
actualy,sebenarnya
ad,ada
ade,ada
adult,dewasa
adventure,petualangan
adventurer,petualang
advice,nasehat
after,setelah
afternun,sore
again,lagi
agency,perwakilan
agent,agen
agk,agak
agktn,angkatan
agree,setuju
agreement,persetujuan
aing,saya
aj,saja
aja,saja
ajah,saja
aje,saja
ajeh,saja
ajk,ajak
ak,saya
akeh,banyak
akhire,akhirnya
aktifkn,aktifkan
aku,saya
alhamdlh,alhamdulillah
alhamdulilah,alhamdulillah
almost,hampir
almt,alamat
alone,sendiri
alsn,alasan
also,juga
always,selalu
ama,sama
amazing,mengagumkan
ampe,sampai
amu,kamu
amuh,kamu
ancen,memang
ancur,hancur
ane,saya
anget,hangat
aple,apple
aplksi,aplikasi
aproved,diterima
aq,saya
aqoe,saya
aqu,saya
aqw,saya
arep,mau
arived,tiba
article,artikel
artine,artinya
asignment,tugas
assistance,bantuan
assistant,asisten
asyek,asyik
ats,atas
atu,satu-satu
atw,atau
automatic,otomatis
aya,ada
b,bb
"b\kesinambungn""",berkesinambungan
babeh,ayah
balasanya,balasannya
bales,balas
banga,bangga
batre,baterai
bbrapa,beberapa
bbrp,beberapa
bbrpa,beberapa
bdg,bandung
beach,pantai
before,sebelum
begete,banget
bego,bodoh
belike,belikan
bengi,malam
benjol,memar
beraktifitas,beraktivitas
berjln,berjalan
berkmmpuan,berkemampuan
bersaman,bersamaan
bet,banget
beter,better
between,antara
Bgm,bagaimana
bgmn,bagaimana
bgmna,bagaimana
bgn,bangun
bgt,banget
bgtu,begitu
bhs,bahasa
bimbel,bimbingan belajar
birthday,ulang tahun
bis,habis
bjln,berjalan
bklan,bakalan
bkn,bukan
blackbery,blackberry
blg,bilang
blk,balik
blm,belum
bln,bulan
blng,bilang
blnja,belanja
blom,belum
blon,belum
bls,balas
blsanya,balasannya
blum,belum
bm,bbm
bnar,benar
bner,benar
bnr,benar
bnrn,beneran
bntr,sebentar
bntu,bantu
bnuh,bunuh
bnyk,banyak
bobonya,tidurnya
bodo,bodoh
bokap,ayah
bole,boleh
boong,bohong
boring,bosan
bpak,bapak
bpk,bapak
brangcut,berangkat
brangkt,berangkat
brenang,berenang
brg,barang
brp,berapa
brpa,berapa
brsih,bersih
bru,baru
bs,bisa
bsa,bisa
bsar,besar
bsh,basah
bsk,besok
bsok,besok
bsr,besar
bth,butuh
btuh,butuh
btul,betul
btw,ngomong ngomong
buanged,banget
buangedh,banget
buanget,banget
buktiin,buktikan
buktin,buktikan
buln,bulan
bungks,bungkus
bw,bawa
bwa,bawa
bwah,bawah
bwat,untuk
bwh,bawah
bwt,untuk
byar,bayar
byk,banyak
byr,bayar
cabe,cabai
cadas,cerdas
cah,bocah
call,telepon
can,dapat
cape,capek
"car
",mobil
career,karir
caution,perhatian
cb,coba
Ceman,teman
cemungudh,semangat
Cemungut,semangat
cepet,cepat
cew,cewek
cewe,cewek
check,cek
ciapa,siapa
cibuk,sibuk
cinto,cinta
cius,serius
ciusan,seriusan
ciyus,serius
clananya,celananya
cmpakan,campakkan
cmpakin,campakkan
cnd,canda
cnda,canda
cnggih,canggih
cngih,canggih
cnt,cinta
cnta,cinta
cntik,cantik
cntk,cantik
cntre,tengah
co,cowok
coach,pelatih
coaster,alas
cocokin,cocokkan
cocoknyo,cocoknya
coconut,kelapa
cod,bayar saat pengiriman
coding,mengkode
coklat,cokelat
colecting,mengoleksi
colection,koleksi
colongin,curikan
colonial,kolonial
color,warna
colorful,berwarna-warni
colour,warna
comeback,datang kembali
comedy,komedi
comendable,patut dihargai
coment,komen
comercial,komersil
comes,datang
comfirm,konfirmasi
Comfort,nyaman
comfortable,menyenangkan
comic,komik
coming,datang
comingson,segera datang
comingsoon,segera datang
commando,prajurit
commendable,patut dihargai
comment,komen
commentary,uraian
commercial,komersil
community,komunita
communityny,komunitanya
company,perusahaan
competition,persaingan
complain,mengeluh
complete,lengkap
completes,lengkap
compliment,pujian
compose,menyusun
computing,menghitung
comunity,komunita
comunityny,komunitanya
concept,konsep
concert,konser
condition,kondisi
conditioning,mengkondisikan
conect,menghubungkan
conection,koneksi
confident,yakin
configuration,susunan
confirm,konfirmasi
confius,bingung
confuse,bingung
confused,bingung
congralts,(ucapan) selamat
Congrat,(ucapan) selamat
congrate,(ucapan) selamat
congrats,(ucapan) selamat
consept,konsep
consider,mempertimbangkan
consult,berunding
consultants,konsultan
consumer,konsumen
contac,kontak
contact,kontak
content,isi
contest,kontes
contoe,contohnya
contra,kontra
contract,kontrak
control,kontrol
convention,konvensi
Convoy,konvoi
cook,memasak
copas,copy paste
copot,lepas
corner,sudut
corners,sudut
corola,corolla
correction,koreksi
corridor,koridor
cosmetics,kosmetik
cost,ongkos
costs,ongkos
costum,kostum
could,dapat
council,dewan
countdown,perhitungan detik-detik terakhir
counter,alat perhitungan
country,negara
countryside,daerah pedalaman
couple,pasangan
cousin,sepupu
cow,cowok
cowo,cowok
cpt,cepat
cr,cara
crazy,gila
cri,cari
crt,cerita
crtx,ceritanya
cucok,cocok
cukop,cukup
cuman,cuma
cumn,hanya
curcol,curhat
cwek,cewek
cwo,cowok
cwok,cowok
cyus,serius
dah,sudah
dalan,jalan
dangerous,bahaya
dasyat,dahsyat
date,tanggal
dateng,datang
datenglah,datanglah
day,hari
dbls,dibalas
dbnt,dibantu
ddlm,didalam
dduk,duduk
defence,pertahanan
defend,membela
deg2an,deg-degan
degdeg,deg-degan
degdeg-an,deg-degan
degdegan,deg-degan
degdegser,deg-degan
deket,dekat
desek2an,desak-desakan
desekan,desakan
dewe,sendiri
dftar,daftar
dg,dengan
dgn,dengan
dgr,dengar
dgrin,dengarkan
dgrn,dengarkan
dh,sudah
dibangain,dibanggakan
dibls,dibalas
digangu,diganggu
diizinin,diberi izin
dikasi,dikasih
dikasinya,dikasihnya
dikit,sedikit
dikls,di kelas
diliat,dilihat
diluk,sebentar
dimana2,dimana-mana
dimkn,dimakan
dimksd,dimaksud
dimn2,dimana-mana
dimna,dimana
dinstal,diinstall
dipake,dipakai
dipangilnya,dipanggilnya
dipke,dipakai
disawat,dilempar
disblah,disebelah
discon,diskon
discont,diskon
discount,diskon
disebrang,diseberang
disebuah,disebuah
disekolah,di sekolah
disekolahan,di sekolahan
disekolahin,disekolahkan
diselengarakan,diselenggarakan
diselimutin,diselimuti
disenayan,di senayan
disenen,di senen
disentul,di sentul
diservice,diservis
dishub,Dinas Perhubungan
dishubkominfo,Dinas Perhubungan Komunikasi dan Informatika
disi,diisi
disia2in,disia-siakan
disimpen,disimpan
disimpng,disimpang
disinih,disini
disklh,di sekolah
diskonnye,diskonnya
diskony,diskonnya
diskonya,diskonnya
Diskonye,diskonnya
disni,disini
disono,disana
disonoh,disana
distribution,distribusi
district,daerah
distroy,hancur
disturb,ganggu
disurga,di surga
disurh,disuruh
disuru,disuruh
ditabra,ditabrak
ditaktir,ditraktir
ditaman,di taman
ditambahin,ditambahkan
ditanah,di tanah
ditangepin,ditanggapin
ditanggepin,ditanggapin
ditangkep,ditangkap
ditangkepinnya,ditangkapinnya
ditangkepinya,ditangkapinnya
ditangung,ditanggung
ditaro,ditaruh
ditarok,ditaruh
ditelen,ditelan
ditemeni,ditemani
ditemenin,ditemani
diteraktir,ditraktir
ditingal,ditinggal
ditingali,ditinggali
ditingikan,ditinggikan
ditkarkan,ditukarkan
ditlp,ditelepon
ditmpt,di tempat
ditngah,ditengah
ditngguin,ditungguin
ditnguin,ditunggu
ditnjkn,ditunjukkan
ditoko,di toko
ditrakter,ditraktir
ditrotoar,di trotoar
ditugu,di tugu
dituker,ditukar
ditukoke,dibelikan
ditukokno,dibelikan
ditumbasne,dibelikan
ditumpaki,dinaiki
diTunas,di tunas
ditunggu2,ditunggu-tunggu
ditungu,ditunggu
ditungu2,ditunggu-tunggu
ditunguin,ditunggu
ditunjukan,ditunjukkan
ditunjukin,ditunjukkan
diturunkn,diturunkan
diwarnet,di warnet
diweekend,di akhir pekan
diwolak,dibalik
djagain,dijaga
djemput,dijemput
dJkt,di Jakarta
djln,di jalan
dkasih,dikasih
dkat,dekat
dkatkan,dekatkan
dket,dekat
dketan,dekat
dkit,sedikit
dkk,dan kawan-kawan
dklinikk,di klinik
dkluarin,dikeluarkan
dkmps,di kampus
dkomplain,dikomplain
dksh,dikasih
dkt,dekat
dkung,dukung
dl,dulu
dlakukan,dilakukan
dlakukn,dilakukan
dlam,dalam
dlanjutin,dilanjutkan
dliat,dilihat
dliburkan,diliburkan
dll,dan lain-lain
dlm,dalam
dlnjutin,dilanjutkan
dlu,dulu
dluan,duluan
dmainkan,dimainkan
dmakan,dimakan
dmam,demam
dmamX,demamnya
dman,dimana
dmana,dimana
dminta,diminta
dmn,dimana
dmna,dimana
dmna2,dimana-mana
dmnanya,dimananya
dmnnya,dimananya
dmno,dimana
dmnt,diminta
dmnya,dimananya
dmobil,di mobil
dmonas,di monas
dmtr,di motor
dn,dan
dng,dengan
dngan,dengan
dnger,dengar
dnger2,denga-dengar
dngerin,dengarkan
dnggo,dipakai
dngin,dingin
dnginan,dinginan
dngn,dengan
doain,doakan
doane,doanya
doang,saja
doank,saja
dolali,pada lupa
dolan,bermain
donload,unduh
donlod,unduh
donlot,unduh
dont,jangan
dpat,dapat
dpatkan,dapatkan
dpet,dapat
dpn,depan
dpstikn,dipastikan
dpt,dapat
dr,dari
dri,dari
dripada,daripada
dripd,daripada
drmh,di rumah
drmn,darimana
drpd,daripada
drtd,daritadi
dsana,disana
dsar,dasar
dsb,dan sebagainya
dsini,disini
dsitu,disitu
dskolah,di sekolah
dsktr,di sekitar
dsmber,desember
dsna,disana
dsni,disini
dsno,disana
dsruh,disuruh
dst,dan seterusnya
dtang,datang
dteng,datang
dtg,datang
dtgin,datangin
dturunkn,diturunkan
duitna,duitnya
during,selama
duwe,punya
duwit,duit
dy,dia
elo,kamu
elu,kamu
emg,emang
emng,emang
emoh,tidak mau
endiri,sendiri
endonesa,Indonesia
enelaan,beneran
engak,tidak
engga,tidak
enggk,tidak
engk,tidak
enk,enak
enough,cukup
entar,nanti
enteng,ringan
enyak,enak
etc,dan lain-lain
event,acara
every,setiap
everybody,semua orang
everything,segala sesuatu
everywhere,dimanapun
ex,contoh
excelent,bagus
exit,keluar
face,muka
fact,fakta
failed,gagal
father,ayah
fee,biaya
ferari,ferrari
filem,film
finally,akhirnya
focus,fokus
folback,follow back
folbacknya,follow back nya
folbc,follow back
folbcak,follow back
folbek,follow back
folbeknya,follow back nya
follback,follow back
follbacknya,follow back nya
follbc,follow back
follo,follow
followbak,follow back
folo,follow
folow,follow
folowback,follow back
folowbak,follow back
folowbcak,follow back
football,sepak bola
for,untuk
forged,lupa
forget,lupa
forgot,lupa
foto2,foto-foto
friday,jumat
friend,teman
frofil,profil
from,dari
function,fungsi
funny,lucu
funtion,fungsi
funy,lucu
g,tidak
ga,tidak
gaada,tidak ada
gaakan,tidak akan
gaasik,tidak asik
gabakal,tak akan
gabareng,tidak bareng
gabebas,tidak bebas
gabeda,tidak beda
gaberani,tidak berani
gabilang,tidak bilang
gabisa,tidak bisa
gabole,tidak boleh
gaboleh,tidak boleh
gabosen,tidak bosen
gabs,tidak bisa
gad,tidak ada
gada,tidak ada
gadaiin,gadaikan
Gadapet,tidak dapat
gadein,gadaikan
gadeket,tidak dekat
gadiajak,tidak diajak
gadibales,tidak dibalas
gae,membuat
gaean,pekerjaan
gaenak,tidak enak
gaene,biasanya
gag,tidak
gahoel,gaul
gahol,gaul
gaikut,tidak ikut
gaikutaaan,tidak ikutan
gaikutan,tidak ikutan
gaiso,tidak bisa
gajadi,tidak jadi
gajalan,tidak jalan
gajanji,tidak janji
gajauh,tidak jauh
Gajd,tidak jadi
Gaje,tidak jelas
gajelas,tidak jelas
gajenguk,tidak menjenguk
gak,tidak
gakada,tidak ada
Gakan,tidak akan
gakbilang,tidak bilang
gakbisa,tidak bisa
gakdeh,tidak deh
gakenak,tidak enak
gakjadi,tidak jadi
gakmau,tidak mau
gakpapa,tidak apa-apa
gakpenting,tidak penting
gakpernah,tidak pernah
gaksabar,tidak sabar
gaksemua,tidak semua
gaksih,tidak sih
gaktau,tidak tau
gaktuh,tidah tuh
gamain,tidak main
gamales,tidak malas
gamao,tidak mau
gamasuk,tidak masuk
gamau,tidak mau
gamsk,tidak masuk
gamuat,tidak muat
gamungkin,tidak mungkin
gan,juragan
gangajak,tidak mengajak
Gangerti,tidak mengerti
ganguin,gangguin
gantiin,gantikan
gantinen,ganti saja
gaosah,tidak usah
gapada,tidak pada
gapaham,tidak paham
gapake,tidak pakai
gapapa,tidak apa-apa
gapercaya,tidak percaya
gaperlu,tidak perlu
gapernah,tidak pernah
gapo,tidak apa-apa
gaptek,gagap teknologi
gapulang,tidak pulang
gara2,gara-gara
gasabar,tidak sabar
gasalah,tidak salah
gasanggup,tidak sanggup
gasecerah,tidak secerah
gasedingin,tidak sedingin
gasekeras,tidak sekeras
gaseru,tidak seru
gasia2,tidak sia-sia
gasih,tidak sih
gasik,datang lebih awal
gasuka,tidak suka
gatau,tidak tau
gatel,gatal
gathel,gatal
gatuh,tidak tuh
Gausa,tidak usah
gausah,tidak usah
gaush,tidak usah
gawake,bawakan
gawakne,bawakan
gayalu,gayamu
gbawa,tidak bawa
gbk,Gelora Bung Karno
gblg,tidak bilang
gblk,tidak balik
gbs,tidak bisa
gbsa,tidak bisa
gda,tidak ada
gebetan,pasangan
gebetn,pasangan
geblek,bodoh
gede,besar
gedenya,besarnya
gedhe2an,besar-besaran
gelem,bersedia
gelo,gila
gendeng,bodoh
gendheng,bodoh
gendud,gemuk
geto,begitu
getoh,begitu
gg,tidak
gilak,gila
gile,gila
gimana,bagaimana
gimane,bagaimana
gimna,bagaimana
gini,begini
gitu,begitu
gituan,begituan
gituh,begitu
gjd,tidak jadi
gjdi,tidak jadi
gjls,tidak jelas
gjnji,tidak janji
gk,tidak
gmbr,gambar
gmn,bagaimana
gmna,bagaimana
gmne,bagaimana
gnti,ganti
goceng,lima ribu
godan,godaan
good luck,semoga berhasil
goodmorning,selamat pagi
goro2,gara-gara
gpl,tidak pakai lama
gpp,tidak-apa-apa
gpplah,tidak apa-apalah
gr2,gara-gara
gra,gara-gara
grade,tingkat
gt,begitu
gtu,begitu
gtw,tidak tau
gua,saya
gue,saya
gueh,saya
guweh,saya
gw,saya
gwe,saya
gx,tidak
gy,sedang
hany,hanya
hape,hp
hapi,senang
happy,senang
happybday,selamat ulang tahun
hareem,perempuan
harg,harga
hargnya,harganya
hargonyo,harganya
hasek,asyik
hawong,lhawong
hbd,selamat ulang tahun
hbs,habis
hdiah,hadiah
hdiahnya,hadiahnya
hdirkan,hadirkan
hdp,hidup
hdpn,hadapan
hdup,hidup
heng,error
hidp,hidup
hidpmu,hidupmu
hinga,hingga
hmpas,hempas
hmpir,hampir
hntu,hantu
hny,hanya
hnya,hanya
Hoam,ngantuk
honest,jujur
hr,hari
hrapan,harapan
hrg,harga
hrga,harga
hrgnya,harganya
hri,hari
hrs,harus
hrsnya,harusnya
hrus,harus
hrz,harus
hsil,hasil
hsl,hasil
htelnya,hotelnya
htiku,hatiku
hub,hubungi
hungry,lapar
ibdah,ibadah
idung,hidung
ijin,izin
ijo,hijau
iki,ini
ikt,ikut
iktan,ikutan
iktn,ikutan
ikud,ikut
ilang,hilang
img,gambar
inbox,kotak masuk
inceran,incaran
include,termasuk
indh,indah
indo,indonesia
info,informasi
infonya,informasinya
information,informasi
informkan,informasikan
infox,informasinya
inget,ingat
inginya,inginnya
ingt,ingat
ingtn,ingatan
inovation,inovasi
inpo,informasi
inpoh,informasi
insaallah,insyaAllah
insyaa,insyaAllah
insyaaloh,insyaAllah
insyah,insyaAllah
insyalah,insyaAllah
intrnet,internet
invit,mengajak
invite,mengajak
invte,mengajak
io,iya
ireng,hitam
iseh,masih
isih,masih
isin,malu
isine,isinya
iso,bisa
isteri,istri
istrht,istirahat
isuk,pagi
itung,hitung
iy,iya
iyadah,iya dah
iyadeh,iya dah
iyadong,iya dong
iyadund,iya dong
iyah,iya
iyanih,iya nih
iyasih,iya sih
iyaw,iya
iye,iya
iyedah,iya dah
iyelah,iyalah
iyeu,iya
iyh,iya
iyo,iya
iyosih,iya sih
iyuh,iya
iyuwh,iya
j,saja
ja,saja
jabar,Jawa Barat
jadina,jadinya
jadinye,jadinya
jadul,jaman dulu
jadwalnye,jadwalnya
jahate,jahatnya
jakpus,Jakarta Pusat
jakrta,Jakarta
jaksel,Jakarta Selatan
jaktim,Jakarta Timur
jalan2,jalan-jalan
jalankn,jalankan
jalanya,jalannya
jamanna,jamannya
jamanny,jamannya
jamany,jamannya
jamanya,jamannya
jamanye,jamannya
jangn,jangan
japan,jepang
jare,kata
jaringanx,jaringannya
jaringn,jaringan
jateng,Jawa Tengah
jatoh,jatuh
jaz,jazz
jd,jadi
jdi,jadi
jdian,jadian
jenenge,namanya
jenengi,beri nama
jep,jeep
jg,juga
jga,juga
jgja,jogja
jgn,jangan
jgn2,jangan-jangan
jgnkan,jangankan
jht,jahat
jjur,jujur
jk,jika
jkrt,Jakarta
jkrta,Jakarta
jkt,Jakarta
jl,jalan
jlan2,jalan-jalan
jlas,jelas
jln,jalan
jln2,jalan-jalan
jls,jelas
jmbatan,jembatan
jmbtan,jembatan
jmin,jamin
jmlh,jumlah
jmn,jaman
jmpa,jumpa
jmpe,jumpa
jmpt,jemput
jmptnya,jemputnya
jo,jangan
jobseeker,pencari kerja
jri,jari
jringan,jaringan
jringn,jaringan
jrngn,jaringan
jtuh,jatuh
jua,juga
jug,juga
jugaj,juga
jugak,juga
jugo,juga
jwb,jawab
jwban,jawaban
jwbanny,jawabannya
jwbannya,jawabannya
jwbany,jawabannya
kabare,kabarnya
kabeh,semua
kacian,kasihan
kadieu,kesini
kaditu,kesitu
kaga,tidak
kagak,tidak
kagk,tidak
kakean,kebanyakan
kale,kali
kalo,kalau
kalu,kalau
kapn,kapan
kapolres,Kepala Kepolisian Resor
karepmu,terserah kamu
karna,karena
karo,sama
kaseep,ganteng
kasi,kasih
kasian,kasihan
kata2,kata-kata
kata2nya,kata-katanya
katane,katanya
katany,katanya
kayak,seperti
kbagusan,kebagusan
kbar,kabar
kbare,kabarnya
kbarin,kabari
kbeh,semua
kbeli,terbeli
kberngktn,keberangkatan
kbhagiaan,kebahagiaan
kbhagian,kebahagiaan
kbr,kabar
kbrin,kabari
kbrnya,kabarnya
kbtulan,kebetulan
kbuka,terbuka
kbun,kebun
kcepatn,kecepatan
kcil,kecil
kcintaan,kecintaan
kcintan,kecintaan
kclakaan,kecelakaan
kclakan,kecelakaan
kcmata,kacamata
kdepannya,kedepannya
kdepanya,kedepannya
kdg,terkadang
kdg2,kadang-kadang
kditu,kesitu
kdlm,kedalam
kdpan,kedepan
kebeli,terbeli
kebengkel,ke bengkel
kebersamanya,kebersamaannya
kebersehan,kebersihan
kebnykn,kebanyakan
kebo,kerbau
kebrngkatan,keberangkatan
kebudayan,kebudayaan
kebulan,ke bulan
kebumi,ke bumi
kebut2an,kebut-kebutan
kebwah,kebawah
kecawa,kecewa
kece,gaul
kecel,capek
kecelakaanya,kecelakaannya
kecelakan,kecelakaan
kecelakanya,kecelakaannya
kecengan,pasangan
kecepean,kecapean
kecepetan,terlalu cepat
kecerian,keceriaan
kecian,kasihan
kecimanggis,ke cimanggis
kecimangis,ke cimanggis
kecipondoh,ke cipondoh
kedaerah,ke daerah
kedatanganya,kedatangannya
kedatengan,kedatangan
kedawan,terlalu panjang
kedeketan,terlalu dekat
kedengeran,kedengaran
kedpn,kedepan
kedpnnya,kedepannya
kedpnya,kedepannya
kedtngan,kedatangan
kedufan,ke dufan
keenaken,keenakan
kegedean,terlalu besar
kegeden,terlalu besar
kegembiran,kegembiraan
kehadiranny,kehadirannya
kehulu,ke hulu
kehutan,ke hutan
keidahan,keindahan
keiklasan,keikhlasan
keilangan,kehilangan
keinget,teringat
keinginanya,keinginannya
keistimewan,keistimewaan
keitung,terhitung
kejadia,kejadian
kejakarta,ke Jakarta
kejar2an,kejar-kejaran
kejauan,kejauhan
kejayan,kejayaan
kejepit,terjepit
kejual,terjual
kejuaran,kejuaraan
kek,seperti
kekalemanya,kekalemannya
kekamar,ke kamar
kekampus,ke kampus
kekandang,ke kandang
kekasur,ke kasur
kekecewan,kekecewaan
kekemayoran,ke kemayoran
kekmana,bagaimana
keknya,kayaknya
kekontrakan,ke kontrakan
kekos,ke kos
kekosanku,ke kosanku
kekota,ke kota
kekuasan,kekuasaan
kekumpul,terkumpul
kekunci,terkunci
kekuranganya,kekurangannya
kekuras,terkuras
kelakon,terlaksana
kelaperan,kelaparan
kelaut,ke laut
keleta,kereta
keliatan,kelihatan
keliatannya,kelihatannya
keliatanya,kelihatannya
kelihatanya,kelihatannya
kelindas,terlindas
kelindes,terlindas
kelja,kerja
kelokasi,ke lokasi
keluarin,keluarkan
kemana2,kemana-mana
kemarahanya,kemarahannya
kembaranya,kembarannya
kembgnkan,kembangkan
kemendiknas,Kementerian Pendidikan Nasional
kemenkes,Kementerian Kesehatan
kemenkeu,Kementerian Keuangan
kemenkominfo,Kementerian Komunikasi dan Informatika
kemenkumham,Kementerian Hukum dan Hak Asasi Manusia
kemenong,kemana
kemenpera,Kementerian Perumahan Rakyat
kemenperin,Kementerian Perindustrian
kementrian,Kementerian
kemerdekan,kemerdekaan
kemis,kamis
kemonas,ke monas
kemrin,kemarin
kemulyaan,kemuliaan
kemulyan,kemuliaan
kemusium,ke museum
kenalin,kenalkan
kenang2an,kenang-kenangan
kenang2ngan,kenang-kenangan
kenanganya,kenangannya
kenapah,kenapa
kenapasi,kenapa ya
kenape,kenapa
kenceng,cepat
kendaran,kendaraan
kendaranya,kendaraannya
kenderaan,kendaraan
keno,kena
kenp,kenapa
kenpa,kenapa
kenyatan,kenyataan
kenyatanya,kenyataannya
kepake,terpakai
kepalanye,kepalanya
kepangang,terpanggang
kepanggang,terpanggang
kepantai,ke pantai
kepantainya,ke pantainya
keparis,ke paris
kepasar,ke pasar
kepastianya,kepastiannya
kepencar,terpencar
kepencet,terpencet
kepengen,ingin
kepengenya,keinginannya
kepengin,ingin
kepercayan,kepercayaan
kepercayanya,kepercayaannya
kepilih,terpilih
kepincut,terpincut
kepinteran,kepintaran
keponakanya,keponakannya
kepotong,terpotong
keprcayaan,kepercayaan
keprcayan,kepercayaan
kepribadianya,kepribadiannya
kepsek,kepala sekolah
kepulau,ke pulau
kepuncak,ke puncak
keputar,terputar
keputusanya,keputusannya
keragunan,ke ragunan
kerajan,kerajaan
keras2,keras-keras
kerasa,terasa
kerdus,kardus
kere,miskin
kering2,kering-kering
keringet,keringat
kerj,kerja
kerjain,kerjakan
kerjan,pekerjaan
kerumah,ke rumah
kesabaranya,kesabarannya
kesalahane,kesalahannya
kesalon,ke salon
kesampean,kesampaian
kesampeng,ke samping
kesane,kesannya
kesangkut,tersangkut
kesanya,kesannya
kesasar,tersasar
kesawah,ke sawah
kesayanganya,kesayangannya
kesederhanan,kesederhanaan
kesedian,kesediaan
kesedianya,kesediaannya
kesekolah,ke sekolah
keselip,terselip
kesetian,kesetiaan
kesetianmu,kesetiaanmu
kesetianya,kesetiaannya
kesian,kasihan
kesklh,ke sekolah
kesmpean,kesampaian
kesna,kesana
kesni,kesini
kesno,kesana
kesodara,ke saudara
kesokalh,ke sekolah
kesono,kesana
kesukan,kesukaan
ket,keterangan
ketabrak,tertabrak
ketagih,tertagih
ketarik,tertarik
ketawa,tertawa
ketawa2,ketawa-tawa
ketentuanya,ketentuannya
keterpurulanya,keterpurukannya
ketiban,tertimpa
ketidaknyamananya,ketidaknyamanannya
ketidung,ke tidung
ketike,ketika
ketimpa,tertimpa
ketingalan,ketinggalan
ketok,terlihat
ketoke,sepertinya
ketrangan,keterangan
ketrngan,keterangan
ketuan,ketuaan
ketuker,ketukar
ketutup,tertutup
keungulan,keunggulan
keungulanya,keunggulannya
kewarganegaran,kewarganegaraan
kewarnet,ke warung internet
keyword,kata kunci
kga,tidak
kgak,tidak
kgk,tidak
kgn,kangen
khayalany,khayalannya
khilap,khilaf
khs,khas
kie,ini
kira2,kira-kira
kiyai,kyai
kjadian,kejadian
kjauhan,kejauhan
kjauhn,kejauhan
klah,kalah
klaksonya,klaksonnya
klangan,kalangan
klapa,kelapa
klebihan,kelebihan
klekson,klakson
klh,kalah
kliahatan,kelihatan
klian,kalian
kliatan,kelihatan
kliatanya,kelihatannya
kliatn,kelihatan
klien2,klien-klien
kliling,keliling
klima,kelima
klmpok,kelompok
klo,kalau
klow,kalau
klrg,keluarga
kls,kelas
klu,kalau
kluar,keluar
kluaran,keluaran
kluarga,keluarga
kluargo,keluarga
kluarin,keluarkan
kluarkan,keluarkan
klulusan,kelulusan
klw,kalau
klytn,kelihatan
klz,kelas
km,kamu
kmaha,bagaimana
kmaleman,kemalaman
kmana,kemana
kmane,kemana
kmar,kamar
kmaren,kemarin
kmari,kemari
kmarin,kemarin
kmbali,kembali
kmbaranya,kembarannya
kmbl,kembali
kmbli,kembali
kmbuh,kambuh
kmi,kami
kmis,kamis
kmn,kemana
kmna,kemana
kmna2,kemana-mana
kmonas,ke monas
kmpl,kumpul
kmplin,kumpulkan
kmpnye,kampanye
kmpul,kumpul
kmpung,kampung
kmpus,kampus
kmr,kamar
kmren,kemarin
kmri,kemari
kmrin,kemarin
kmrmandi,kamar mandi
kmrn,kemarin
kms,kamis
kmu,kamu
kmunya,kamunya
kn,kan
kna,kena
knal,kenal
knan,kanan
knapa,kenapa
knape,kenapa
knci,kunci
kndala,kendala
kndaraan,kendaraan
kndaran,kendaraan
kndisi,kondisi
kndla,kendala
knfrmsi,konfirmasi
kngen,kangen
knggo,untuk
kngn,kangen
kngo,untuk
kni,kini
knjungi,kunjungi
knl,kenal
knp,kenapa
knp2,kenapa-kenapa
knpa,kenapa
knpah,kenapa
kntor,kantor
kntr,kantor
knyataan,kenyataan
knyatan,kenyataan
knytaanya,kenyataannya
knytanya,kenyataannya
kominfo,Komunikasi dan Informatika
komnas,komisi nasional
komplk,komplek
konsumenya,konsumennya
kontrakanya,kontrakannya
koordinasikn,koordinasikan
kordinasi,koordinasi
kordinasikn,koordinasikan
kordinat,koordinat
kosanya,kosannya
kosongin,kosongkan
kost,kos
kotabgr,kota bogor
kowe,kamu
koyo,seperti
kpada,kepada
kpala,kepala
kpalaku,kepalaku
kpan,kapan
kpantai,ke pantai
kpd,kepada
kpengen,ingin
kpercyaan,kepercayaan
kpercyan,kepercayaan
kpleset,terpleset
kpn,kapan
kpn2,kapan-kapan
kpotong,terpotong
kprluan,keperluan
kputusan,keputusan
kq,kok
kra2,kira-kira
krajinan,kerajinan
kranjang,keranjang
kreatifitas,kreativitas
kreatip,kreatif
kren,keren
kreta,kereta
krg,kurang
krj,kerja
krja,kerja
krjo,kerja
krm,kirim
krmh,kerumah
krn,karena
krna,karena
kro,sama
krt,kartu
krtik,kritik
krtu,kartu
krtunya,kartunya
krudung,kerudung
ksampean,kesampaian
ksana,kesana
ksedot,tersedot
ksel,kesal
ksetrum,tersetrum
ksh,kasih
ksian,kasihan
ksiang,kesiangan
ksiangan,kesiangan
ksianny,kasihannya
ksiannya,kasihannya
ksiany,kasihannya
ksianya,kasihannya
ksih,kasih
ksihan,kasihan
ksini,kesini
ksitu,kesitu
kskolah,ke sekolah
ksn,kesana
ksna,kesana
ksni,kesini
ksno,kesana
ksono,kesana
kstu,kesitu
ksukaan,kesukaan
ksukan,kesukaan
kt,kita
kta,kata
ktany,katanya
ktanya,katanya
ktawa2,ketawa-tawa
ktemu,ketemu
ktika,ketika
ktimbang,daripada
ktingalan,ketinggalan
ktinggalan,ketinggalan
ktinggian,ketinggian
ktingian,ketinggian
ktk,ketika
ktka,ketika
ktm,ketemu
ktmpt,ketempat
ktmu,ketemu
ktmuan,ketemuan
ktng,ketinggalan
ktny,katanya
ktnya,katanya
ktor,kotor
ktusuk,tertusuk
kuangen,kangen
kubawain,kubawakan
kumaha,bagaimana
kumplit,komplit
kumpul2,kumpul-kumpul
kumpulin,kumpulkan
kunaon,kenapa
kunjunganya,kunjungannya
kunjungin,kunjungi
kupayakan,kuupayakan
kuper,kurang pergaulan
kura2,kura-kura
kurangin,kurangi
kw,kau
ky,seperti
kya,seperti
kyak,seperti
kyaknya,sepertinya
kyakx,sepertinya
kyamanan,kenyamanan
kyanya,sepertinya
kyk,seperti
kyke,sepertinya
kyknya,sepertinya
kykx,sepertinya
kyky,sepertinya
kyny,sepertinya
kynya,sepertinya
laba2,laba-laba
laen,lain
lainny,lainnya
lainx,lainnya
lainy,lainnya
lainya,lainnya
laki2,laki-laki
lamo,lama
lancar2,lancar-lancar
lanjt,lanjut
lansia,lanjut usia
lapanganya,lapangannya
laper,lapar
laporanya,laporannya
laporin,laporkan
lathan,latihan
latian,latihan
latiannya,latihannya
latianya,latihannya
latihanya,latihannya
lau,kau
lautnye,lautnya
lawanya,lawannya
lawanye,lawannya
lbang,lubang
lbh,lebih
lbih,lebih
lbr,libur
lbran,liburan
lbrn,liburan
lbur,libur
lburan,liburan
ldr,hubungan jarak jauh
lengkapin,lengkapi
lepasin,lepaskan
letkol,letnan kolonel
lg,lagi
lgi,lagi
lgsg,langsung
lgsng,langsung
lgsung,langsung
lgu,lagu
lgy,lagi
lht,lihat
liad,lihat
liat,lihat
liat2,lihat-lihat
liatany,kelihatannya
liatin,lihatin
liatny,lihatnya
liatnya,lihatnya
liatnye,lihatnya
liburin,liburkan
lifestyle,gaya hidup
link,tautan
lipet,lipat
lipi,Lembaga Ilmu Pengetahuan Indonesia
lipstick,lipstik
list,daftar
living,tinggal
lju,laju
lkukn,lakukan
lma,lama
lma2,lama-lama
lmak,lemak
lmbr,lembar
lmbt,lambat
lmpu,lampu
lmyan,lumayan
lmyn,lumayan
lncr,lancar
lnganan,langganan
lngganan,langganan
lngkap,lengkap
lngkp,lengkap
lngsg,langsung
lngsng,langsung
lngsung,langsung
lnjt,lanjut
lnjut,lanjut
lnjutnya,lanjutnya
lntai,lantai
lo,kamu
local,lokal
location,lokasi
loe,kamu
lokasiny,lokasinya
lol,tertawa
lom,belum
loncat2,loncat-loncat
longdistance,jarak jauh
longweekend,liburan panjang akhir pekan
longwekend,liburan panjang akhir pekan
longwiken,liburan panjang akhir pekan
looser,pecundang
lowbet,baterai lemah
lp,lupa
lpa,lupa
lpangan,lapangan
lpas,lepas
lt,lantai
lu,kamu
luh,kamu
luhkan,kamu kan
luka2,luka-luka
lupain,lupakan
lupe,lupa
lw,kamu
lwat,lewat
lwn,lawan
lwt,lewat
lyt,lihat
m0nas,monas
m4ndiri,mandiri
ma,sama
ma2h,mamah
ma2mu,mamahmu
maav,maaf
mabelasribu,lima belas ribu
macacih,terimakasih
macam2,macam-macam
macem2,macam-macam
macetnyo,macetnya
maen,main
maenan,mainan
maenannya,mainannya
maenannye,mainannya
maenanya,mainannya
maenanye,mainannya
maenin,mainkan
maenya,mainnya
maf,maaf
mafin,maafkan
mafkan,maafkan
mahal2,mahal-mahal
main2,main-main
mainy,mainnya
mainya,mainnya
makaci,terimakasih
makai,memakai
makanye,makanya
makaseh,terimakasih
makasih,terimakasih
makasiy,terimakasih
make,memakai
makin2,makin-makin
maksih,terimakasih
maksude,maksudnya
maksudnye,maksudnya
maksudx,maksudnya
maksut,maksud
maksutnya,maksudnya
mal,mall
malam2,malam-malam
maleh,lagi
malem,malam
males,malas
malming,malam minggu
malu2in,malu-maluin
mamany,mamahnya
mananye,mananya
mane,mana
mane2,mana-mana
maneh,lagi
manfaatin,manfaatkan
manfat,manfaat
manfatin,manfaatkan
manfatkan,manfaatkan
mangaku,mengaku
mangane,makannya
manggil2,manggil-manggil
manggl,manggil
mangil,manggil
mangil2,manggil-manggil
mangis,manggis
mangkane,makanya
mangkanya,makanya
mangkanye,makanya
mangku,memangku
mangl,manggil
mangnya,memangnya
mangung,manggung
mangungnya,manggungnya
maning,lagi
manis2,manis-manis
manjain,manjakan
mantab,mantap
mantabh,mantap
mantabp,mantap
mantabs,mantap
mantaf,mantap
mantaps,mantap
mantapz,mantap
manteb,mantap
mantebp,mantap
mantemand,teman-teman
mantep,mantap
manteub,mantap
manthap,mantap
manusia2,manusia-manusia
manut,ngikut
manutd,ngikut
mao,mau
maonya,maunya
map,maaf
map2,maaf-maaf
mapin,maafkan
marah2,marah-marah
marang,kepada
maren,kemarin
married,menikah
masal,massal
masalahny,masalahnya
masalh,masalah
masama,sama-sama
masang,memasang
mash,masih
masi,masih
masing2,masing-masing
masjed,masjid
mastiin,memastikan
mastikn,memastikan
mastin,memastikan
masya,masyaAllah
MasyaAlah,masyaAllah
masyalah,masyaAllah
mateng,matang
matiin,matikan
matikn,matikan
matin,matikan
maunye,maunya
max,maksimal
maximum,maksimal
maybe,mungkin
mb,mbak
mba,mbak
mbake,mbaknya
mbaku,mbakku
mbalek,balik
mbalekno,kembalikan
mbalik,balik
mbanya,mbaknya
mbaq,mbak
mbek,sama
mbiyen,dahulu
mbk,mbak
mboten,tidak
mbrikan,memberikan
mbuat,membuat
mbwa,membawa
mcam,macam
mcetnya,macetnya
mcm,macam
mcm2,macam-macam
mdg,mending
mdh,mudah
mdh2an,mudah-mudahan
mdh2n,mudah-mudahan
mdingan,mendingan
mekah,mekkah
melakukanya,melakukannya
melangar,melanggar
melu,ikut
memasukan,memasukkan
membalikan,membalikkan
membiarkanya,membiarkannya
membutuhkn,membutuhkan
memgumpulkan,mengumpulkan
memikirkanya,memikirkannya
memperingatai,memperingati
mempermslhin,mempermasalahkan
mempertangungjawabkanya,mempertanggungjawabkannya
memprduksi,memproduksi
mempromosika,mempromosikan
menaklukan,menaklukkan
menakotkan,menakutkan
menangapi,menanggapi
menangungnya,menanggungnya
mendonlot,mengunduh
mendownload,mengunduh
mendpat,mendapat
mendptkan,mendapatkan
meneng,diam
mengabulkanya,mengabulkannya
mengagalkan,menggagalkan
mengalahkn,mengalahkan
mengambar,menggambar
mengambarkan,menggambarkan
mengandeng,menggandeng
mengangap,menganggap
mengangu,mengganggu
menganguk,mengangguk
menganti,mengganti
mengantung,menggantung
mengasikan,mengasyikkan
mengasyikan,mengasyikkan
mengatakn,mengatakan
mengelar,menggelar
mengeliat,menggeliat
mengelinding,menggelinding
mengelitik,menggelitik
mengembirakan,menggembirakan
mengen2in,membuat kepingin
mengeringkanya,mengeringkannya
menggunakn,menggunakan
menggunkan,menggunakan
menggunkn,menggunakan
mengirimkn,mengirimkan
mengktfka,mengaktifkan
mengoda,menggoda
mengugah,menggugah
mengunakan,menggunakan
mengunakn,menggunakan
menguncang,mengguncang
mengunkan,menggunakan
mengunkn,menggunakan
menheningkan,mengheningkan
menhub,menteri perhubungan
meningal,meninggal
meningalkan,meninggalkan
meningalnya,meninggalnya
menungang,menunggang
menungu,menunggu
menungumu,menunggumu
menunjukan,menunjukkan
menyengol,menyenggol
merayakanya,merayakannya
merit,menikah
mesinya,mesinnya
mesjid,masjid
met,selamat
mewah2,mewah-mewah
meweg,mau nangis
mewek,mau nangis
mgalami,mengalami
mggelar,menggelar
mggu,minggu
mghntarkan,menghantarkan
mgkin,mungkin
mgkn,mungkin
mgkt,berangkat
mgok,mogok
mhn,mohon
mhon,mohon
mhsiswamu,mahasiswamu
mi apah,demi apa
miapa,demi apa
miapah,demi apa
miapeh,demi apa
mikir,berfikir
mikir2,berfikir-fikir
mikiran,suka berfikir
mikiri,memikirkan
mikirin,memikirkan
mikirkeun,memikirkan
mikirny,berfikirnya
mikirnya,berfikirnya
milikny,miliknya
miliku,milikku
mingir,minggir
mingu,minggu
mingu2,minggu-minggu
minguan,mingguan
mingunya,minggunya
mingux,minggunya
mint,minta
mintain,mintakan
misalny,misalnya
mjd,menjadi
mka,maka
mkan,makan
mkanya,makanya
mkasih,terimakasih
mkmur,makmur
mkn,makan
mknan,makanan
mknya,makanya
mks,terimakasih
mksd,maksud
mksdnya,maksudnya
mksh,terimakasih
mksi,terimakasih
mksih,terimakasih
mksimal,maksimal
mksod,maksud
mksud,maksud
mksudny,maksudnya
mksudnya,maksudnya
mlah,malah
mlai,mulai
mlaku,jalan
mlaku2,jalan-jalan
mlakukan,melakukan
mlakune,jalannya
mlam,malam
mlaz,malas
mlebu,masuk
mledug,meledak
mleduk,meledak
mlem,malam
mlepas,melepas
mles,malas
mlggr,melanggar
mlgr,melanggar]
mlh,malah
mlihat,melihat
mlintas,melintas
mlkukan,melakukan
mlm,malam
mlm2,malam-malam
mlmnya,malamnya
mls,malas
mlulu,melulu
mmbahana,membahana
mmbawaku,membawaku
mmbedakan,membedakan
mmbeli,membeli
mmbhyakn,membahayakan
mmbrikan,memberikan
mmbuat,membuat
mmbutuhkan,membutuhkan
mmg,memang
mmiliki,memiliki
mmperkuat,memperkuat
mmperpanjang,memperpanjang
mmpi,mimpi
mmpr,mampir
mmprlihatkn,memperlihatkan
mmprsiapkn,mempersiapkan
mmpu,mampu
mmpus,mampus
mn,mana
mna,mana
mnang,menang
mnangkan,menangkan
mnara,menara
mnarik,menarik
mncapai,mencapai
mncari,mencari
mncri,mencari
mndadak,mendadak
mndapatkn,mendapatkan
mndat,mandat
mnding,mending
mndingan,mendingan
mndok,mondok
mndonkrak,mendongkrak
mndptkan,mendapatkan
mndukung,mendukung
mndukungnya,mendukungnya
mndung,mendung
mne,mana
mnfaat,manfaat
mngalami,mengalami
mngalir,mengalir
mngeluarkan,mengeluarkan
mngenang,mengenang
mngendarai,mengendarai
mngerti,mengerti
mnggl,manggil
mnggu,minggu
mngguan,mingguan
mnggunakan,menggunakan
mnggunkn,menggunakan
mnghadap,menghadap
mnghamili,menghamili
mngharap,mengharap
mngheningkan,mengheningkan
mngis,manggis
mngkel,kesal
mngkin,mungkin
mngkn,mungkin
mngkne,makanya
mngkonyo,makanya
mngnai,mengenai
mngsudnye,maksudnya
mngu,minggu
mnguan,mingguan
mngunakan,menggunakan
mngunkn,menggunakan
mnikah,menikah
mnikmti,menikmati
mnis,manis
mnitikberatkan,menitikberatkan
mnjadi,menjadi
mnjd,menjadi
mnjdi,menjadi
mnjem,meminjam
mnjunjung,menjunjung
mnjwab,menjawab
mnnti,menanti
mnrt,menurut
mnt,minta
mnta,minta
mntain,mintakan
mntannya,mantannya
mntanya,mantannya
mntap,mantap
mnti,menanti
mnual,manual
mnuggu,menunggu
mnugu,menunggu
mnuju,menuju
mnum,minum
mnungGu,menunggu
mnungu,menunggu
mnunjukan,menunjukkan
mnunjukkan,menunjukkan
mnurut,menurut
mnurutmu,menurutmu
mnusia,manusia
mnyamar,menyamar
mnyusul,menyusul
mo,mau
modifan,hasil modifikasi
modification,modifikasi
modified,dimodifikasi
modifikasiin,modifikasikan
modifikasin,modifikasikan
moh,tidak mau
momendnya,momennya
moment,momen
moments,momen
momenya,momennya
monasny,monasnya
monday,senin
Mondays,senin
money,uang
monkey,monyet
month,bulan
monyetna,monyetnya
morning,pagi
mornings,pagi
moro,datang
moro2,datang-datang
morosotkeun,memerosotkan
mother,ibu
motoin,mengambil foto
motone,cara mengambil fotonya
motor2,motor-motor
motr,motor
mpe,sampai
mpek,sampai
mpempek,pempek
mperkuat,memperkuat
mperpanjang,memperpanjang
mpun,sudah
mpunya,punya
mrah,marah
mrah2,marah-marah
mrantau,merantau
mrasa,merasa
mrasakany,merasakannya
mrek,mereka
mreka,mereka
mrh,marah
mrhn,marahan
mri,mari
mridnya,muridnya
mriki,kesini
mrinding,merinding
mrip,mirip
mrk,mereka
mrka,mereka
mrono,kesana
mrp,merupakan
mrpti,merpati
mrupakn,merupakan
msak,masak
msalah,masalah
msg,masing
msg2,masing-masing
msh,masih
msih,masih
msing2,masing-masing
msjid,masjid
mski,meski
mskipun,meskipun
mslah,masalah
mslahnya,masalahnya
mslh,masalah
mslhnye,masalahnya
msng,masing
msog,masak
msohan,musuhan
msok,masak
mst,mesti
msti,mesti
msuk,masuk
msukin,masukkan
msuknya,masuknya
mtor,motor
mtor2,motor-motor
mtore,motornya
mtornya,motornya
mtr,motor
mudah2an,mudah-mudahan
mugi,semoga
mugi2,moga-moga
mukax,mukanya
mulay,mulai
muluk2,berlebihan
mumpng,mumpung
mungah,naik
music,musik
musim2,musim-musim
musium,museum
mustinya,mestinya
muter,berputar
muter2,berputar-putar
mw,mau
mwah,mewah
myname,namaku
mz,mas
nabrak,menabrak
naek,naik
nais,nice
naitu,nah itu
nama2,nama-nama
namany,namanya
namanye,namanya
nambah,bertambah
nambah2,nambah-nambah
name,nama
named,dinamai
names,nama
nanganin,menangani
nanges,nangis
nanya,bertanya
nanyain,menanyakan
naon,apa
napa,kenapa
napah,kenapa
nape,kenapa
narcis,narsis
nari,menari
naro,naruh
nasgor,nasi goreng
nasgornya,nasi gorengnya
navigation,navigasi
ndadak,mendadak
ndak,tidak
ndakpapa,tidak apa-apa
ndang,buruan
ndek,sejak
ndelik,bersembunyi
ndelok,melihat
ndengkur,mendengkur
ndi,mana
ndk,tidak
ndodok,jongkok
nduwe,punya
nebelin,menebalkan
need,butuh
needed,dibutuhkan
needs,kebutuhan
negative,negatif
negra,negara
negri,negeri
neh,nih
nelepon,menelpon
nelfon,menelpon
nelor,bertelur
nelp,menelpon
nelpon,menelpon
nelv,menelpon
nelvon,menelpon
nemanin,menemani
nembak,menembak
nembaknya,menembaknya
nembaknye,menembaknya
nembus,menembus
nemen,banget
nemenin,menemani
nemu,menemukan
nemuin,menemui
nemuinnya,menemuinya
nemuinya,menemuinya
nemunya,menemukannya
nenangin,menenangkan
nendang,menendang
nenek2,nenek-nenek
nengheningkan,mengheningkan
nengkene,disini
nengkono,disana
nengok,menengok
nengokin,menengoki
nenteng,membawa
nenteng2,membawa
nepatin,menepati
nerusin,meneruskan
netter,pengguna internet
network,jaringan
never,tidak pernah
nevermind,tidak usah dipikirkan
news,berita
ngabadiin,mengabadikan
ngabadin,mengabadikan
ngabarin,mengabari
ngabisin,menghabiskan
ngabohong,berbohong
ngabolang,berpetualang
ngaca,berkaca
ngacir,kabur
ngadain,mengadakan
ngadem,berteduh
ngademin,meneduhkan
ngadep,menghadap
ngadirin,menghadiri
ngadu,mengadu
ngagetin,mengagetkan
ngajak2,ngajak-ngajak
ngajakgue,mengajak saya
ngajakinya,mengajaknya
ngajari,mengajari
ngajarin,mengajari
ngak,tidak
ngakak,tertawa
ngakuin,mengakui
ngalah,mengalah
ngalahin,mengalahkan
ngalihin,mengalihkan
ngalir,mengalir
ngambang,mengambang
ngambil,mengambil
ngambilin,mengambilkan
ngambilnya,mengambilnya
ngampus,pergi ke kampus
ngamuk2,mengamuk-ngamuk
ngancani,menemani
ngancurin,menghancurkan
ngandeng,menggandeng
ngangap,menganggap
ngangenin,membuat kangen
ngangge,menggunakan
nganggo,menggunakan
ngangguk,mengangguk
ngangur,menganggur
nganjel,mengganjal
nganter,mengantar
nganterin,mengantarkan
nganti,sampai
ngantongi,mengantongi
ngantongin,mengantongi
ngantor,pergi ke kantor
ngantre,mengantri
ngantri,mengantri
ngantrinya,mengantrinya
ngantuks,mengantuk
ngapa2in,ngapa-ngapain
ngapal,menghafal
ngapalin,menghafalkan
ngape,ngapain
ngapo,ngapain
ngapusi,berbohong
ngara,negara
ngarah,mengarah
ngarang,mengarang
ngaranye,negaranya
ngarap,mengerjakan
ngarep,berharap
ngarepane,harapannya
ngarepin,mengharapkan
ngaret,telat
ngarti,mengerti
ngaruh,berpengaruh
ngash,memberi
ngasi,memberi
ngasih,memberi
ngasih2,memberi
ngasihnya,memberinya
ngaso,istirahat
ngasuh,mengasuh
ngatain,mengatakan
ngatasi,mengatasi
ngatasin,mengatasi
ngatur,mengatur
ngawasin,mengawasi
ngawe,membuat
ngawur,ngasal
ngawur2an,ngasal-asalan
ngayal,mengkhayal
ngayalnye,mengkhayalnya
ngbikin,membuat
ngbom,mengebom
ngbrol,mengobrol
ngbuka,membuka
ngdate,berkencan
ngebalikin,mengembalikan
ngebalikinnya,mengembalikannya
ngebalikinya,mengembalikannya
ngeband,main band
ngebangain,membanggakan
ngebanggain,membanggakan
ngebangun,membangun
ngebantai,membantai
ngebanyol,membanyol
ngebawa,membawa
ngebayangin,membayangkan
ngebayanginnya,membayangkannya
ngebayanginya,membayangkannya
ngebel,menelpon
ngebelin,membelikan
ngebilangin,memberitau
ngeblokir,memblokir
ngebo,tidur
Ngebolang,berpetualang
ngebolehin,membolehkan
ngebom,mengebom
ngebor,mengebor
ngebosenin,membosankan
ngebunuh,membunuh
ngebut,mengebut
ngebut2,kebut-kebutan
ngebutz,mengebut
ngebutzzz,mengebut
ngecapin,mengecapi
ngece,mengejek
ngecek,mengecek
ngeces,mengecas
ngecet,mengecat
ngeclub,membuat klub
ngedadak,mendadak
ngedarin,mengedarkan
ngedate,berkencan
ngedeke,membangun
ngedekke,membangun
ngedengkur,mendengkur
ngedit,mengedit
ngedit2,mengedit-edit
ngedoain,mendoakan
ngedor,menembak
ngedp,membayar uang muka
ngedufan,pergi ke dufan
ngedukung,mendukung
ngefolow,ngefollow
ngegolin,mencetak gol
ngehalau,menghalau
ngehargai,menghargai
ngehibur,menghibur
ngehina,menghina
ngehormatin,menghormati
ngejagain,menjagakan
ngejak,mengajak
ngejalanin,menjalani
ngejamin,menjamin
ngejanjin,menjanjikan
ngejar,mengejar
ngejarnya,mengejarnya
ngejek,mengejek
ngejiplak,menjiplak
Ngejual,menjual
ngejubel,berjubel
ngekek,tertawa
ngeksis2an,eksis-eksisan
ngeladenin,meladeni
ngeladeninya,meladeninya
ngelahirin,melahirkan
ngelak,mengelak
ngelaksonin,menglakson
ngelamar,melamar
ngelamun,melamun
ngelanconk,melancong
ngelantik,melantik
ngelantur,melantur
ngelap,mengelap
ngelapak,berjualan
ngelatihnya,melatihnya
ngelawak,melucu
ngeledek,mengejek
ngelelepin,menenggelamkan
ngelepas,melepas
ngeles,membuat alasan
ngelesnya,membuat alasannya
ngelewatin,melewati
ngeliat,melihat
ngeliate,melihat
ngeliatin,memperlihatkan
ngeliatnya,melihatnya
ngelilingin,mengelilingi
ngeliput,meliput
ngelirik,melirik
ngelitik,menggelitik
ngelive,disiarkan langsung
ngelu,pusing
ngeluapin,meluapkan
ngeluarin,mengeluarkan
ngeluarinya,mengeluarkannya
ngelucu,melucu
ngeluh,mengeluh
ngelukis,melukis
ngelupain,melupakan
ngelus,mengelus
ngembalin,mengembalikan
ngembang,mengembang
ngembun,mengembun
ngemeng,ngomong
ngemeng2,ngomong-ngomong
ngemis2,mengemis-ngemis
ngemodus,membuat modus
ngemot,mengemut
ngena,mengena
ngenalin,mengenalkan
ngendap,mengendap
ngene,begini
ngeneh,begini
ngenes,mengenaskan
ngenet,internetan
ngepain,ngapain
ngepel,mengepel
ngepelin,mengepelkan
ngerakit,merakit
ngeramal,meramal
ngeramein,meramaikan
ngerampok,merampok
ngerasa,merasa
ngerasain,merasakan
ngerayain,merayakan
ngerayainnya,merayakannya
ngerayainya,merayakannya
ngerayu,merayu
ngeremehin,meremehkan
ngerencanain,merencanakan
ngerepotin,merepotkan
ngeres2,berpikiran kotor
ngeributin,meributkan
ngerintis,merintis
Ngeriset,melakukan riset
ngerix,ngerinya
ngerjain,mengerjakan
ngerokok,merokok
ngertine,yang dimengerti
ngertio,ngertikan
ngerubah,mengubah
ngerugiin,merugikan
ngerugin,merugikan
ngerusak,merusak
ngerusakin,merusakkan
ngetem,nongkrong
ngetuit,ngetweet
ngetwet,ngetweet
ngetwets,ngetweet
ngetwit,ngetweet
ngetwitnya,ngetweetnya
ngfollow,follow
ngfolow,follow
ngg,tidak
ngga,tidak
nggak,tidak
nggakk,tidak
nggakpapa,tidak apa-apa
nggakyk,tidak seperti
nggandeng,menggandeng
ngganjel,mengganjal
ngganteng,ganteng
nggarap,mengerjakan
nggash,memberi
nggawa,membawa
nggawe,membuat
nggih,iya
nggk,tidak
nggo,untuk
nggon,tempat
nggonku,tempatku
nggowes,bersepeda
nggowo,membawa
nggowo2,membawa
nggu,nunggu
nggundulinnya,menggundulinya
ngguyu,tertawa
nggy,gaya
nghirup,menghirup
ngibul,berkhayal
ngidem,ngikut
ngiderin,mengedarkan
ngigau,mengigau
ngih,iya
ngijinin,mengizinkan
ngikutin,mengikuti
ngilang,menghilang
ngilangin,menghilangkan
ngimpi,mimpi
ngimpih,mimpi
ngimpiku,mimpiku
ngincer,mengincar
ngindarin,menghindari
nginep,menginap
nginepnya,menginapnya
ngingetin,mengingatkan
nginjek,menginjak
ngintil,mengikuti
ngintip,mengintip
ngira,mengira
ngiranya,mengiranya
ngirim,mengirim
ngiris,mengiris
ngirup,menghirup
ngis,nangis
ngisi,mengisi
ngiterin,mengitari
ngitung,menghitung
ngitungin,menghitung
ngjak,mengajak
ngjak2,mengajak-ajak
ngjakin,mengajak
ngjakn,mengajak
ngjar,mengajar
ngjarin,mengajari
ngjk,mengajak
ngjkin,mengajak
ngk,tidak
ngke,nanti
ngko,nanti
ngkost,kos
ngkrong,nongkrong
ngku,mengaku
ngkut,ngikut
nglakokne,menjalankan
nglamar,melamar
nglelang,melelang
nglewatin,melewati
ngliat,melihat
ngliatin,melihat
nglumpuke,mengumpulkan
ngmg,ngomong
ngmgn,ngomongin
ngmng,ngomong
ngmngin,ngomongin
ngmngnya,ngomongnya
ngmong,ngomong
ngmongin,ngomongin
ngmpln,mengumpulkan
ngmpul,kumpul
ngmpulin,mengumpulkan
ngmuk,mengamuk
ngnggur,menganggur
ngngkat,mengangkat
ngntuk,mengantuk
ngo,untuk
ngobro,ngobrol
ngoceh,mengoceh
ngocok,mengocok
ngocol,mengocol
ngolek,mencari
ngoleksi,mengoleksi
ngomel,mengomel
ngomgn,ngomongin
ngomogin,ngomongin
ngomong2,ngomong-ngomong
ngomonge,ngomongnya
ngomongin,ngomongin
ngonku,tempatku
ngonoh,begitu
ngonthel,bersepeda
ngontrak,mengontrak
ngopikeun,ngopikan
ngopo,ngapain
ngosek,nanti
ngowes,bersepeda
ngowo,membawa
ngowo2,membawa
ngp,ngapain
ngpain,ngapain
ngpn,ngapain
ngpo,ngapain
ngra,mengira
ngrakit,merakit
ngrasake,merasakan
ngrasakno,merasakan
ngrayain,merayakan
ngrebut,merebut
ngrokok,merokok
ngrsain,merasakan
ngrti,mengerti
ngrusak,merusak
ngsh,ngasih
ngsih,ngasih
ngubah,mengubah
ngubengi,mengitari
ngucapin,mengucapkan
nguidam,ngidam
ngulang,mengulang
nguliah,kuliah
ngumbar,mengumbar
ngumpet,bersembunyi
ngunu,begitu
ngupi,ngopi
ngupi2,ngopi-ngopi
ngurangin,mengurangi
nguras,menguras
ngurusin,mengurusi
ngurusinya,mengurusinya
ngurusinyo,mengurusinya
ngusul,usul
ngusulin,mengusulkan
ngutang,hutang
ngutangi,menghutangi
nguyu,tertawa
nguyuh,kencing
nie,ini
night,malam
nipuin,menipu
nisan,nissan
njih,iya
njupuk,mengambil
nlp,menelpon
nlpn,menelpon
nma,nama
nmanya,namanya
nmax,namanya
nmna,namanya
nmnya,namanya
nmor,nomor
nmpak,tampak
nmpk,tampak
nmr,nomor
nmrnya,nomornya
nmun,namun
nnggu,menunggu
nngguin,tungguin
nngis,nenagis
nnt,nanti
nnton,nonton
nntonnya,nontonnya
no,nomor
nolak,menolak
nolong,menolong
nolongin,menolong
nomer,nomor
nomere,nomornya
nontonya,nontonnya
nope,nomor HP
nothing,tidak ada
notif,pemberitahuan
notifnya,pemberitahuannya
nov,november
now,sekarang
npa,kenapa
ntar,nanti
nti,nanti
ntinya,nantinya
ntip,nitip
ntn,nonton
nton,nonton
ntr,nanti
number,nomor
numpak,naik
nungu,nunggu
nyampe,sampai
nyelengi,menabung
nyelesein,menyelesaikan
nyembuhin,menyembuhkan
nyempetin,menyempatkan
nyenengin,menyenangkan
nyengol,menyenggol
nyepedah,bersepeda
nyesek,bikin sesak
nyesel,menyesal
nynyi,menyanyi
nyokap,ibu
nyolong,mencuri
nyopet,mencopet
nyupir,menyopir
nyupire,menyopir
nyupiri,menyopir
nyuri,mencuri
og,kok
oia,oh iya
ole-ole,oleh-oleh
ole2,oleh-oleh
oleh2,oleh-oleh
omaigat,Ya Tuhan
omaigot,Ya Tuhan
omdo,omong doang
omg,Ya Tuhan
ono,ada
opo,apa
opr,operator
oprtr,operator
optional,pilihan
options,pilihan
ora,tidak
org,orang
org2,orang-orang
orgalay,orang alay
orgil,orang gila
orgnya,orangnya
orgtua,orangtua
ori,original
orng,orang
orng2,orang-orang
orngny,orangnya
other,lainnya
others,lainnya
otmatis,otomatis
otw,lagi di jalan
"p\baikan""",perbaikan
pa2,apa-apa
pabrkan,pabrikan
pacal,pacar
pacalku,pacarku
pager,pagar
pailit,pelit
pakaianya,pakaiannya
pake,pakai
pakein,pakaikan
pakek,pakai
panasnye,panasnya
pancen,memang
pangil,panggil
pangilan,panggilan
pantes,pantas
parent,orangtua
parents,orangtua
party,pesta
pcar,pacar
pcaran,pacaran
pcarku,pacarku
pcr,[acar
pcran,pacaran
pcrmu,pacarmu
pcrn,pacaran
pcrnya,pacarnya
pcrx,pacarnya
pda,pada
pdahal,padahal
pdhal,padahal
pdhalkan,padahalkan
pdhl,padahal
peace,damai
pedes,pedas
pegel,pegal
pegi,pergi
pekerjan,pekerjaan
pelangan,pelanggan
pelastik,plastik
pelayananya,pelayanannya
pelis,*memohon
pelkunya,pelakunya
pemainya,pemainnya
pemakaianya,pemakaiannya
pembayaranya,pembayarannya
pembelan,pembelaan
pembelanjan,pembelanjaan
pembicaran,pembicaraan
pembicraan,pembicaraan
pembicran,pembicaraan
pemkot,pemerintah kota
pemotor,pemakai motor
pemprov,pemerintah provinsi
pencetane,pencetannya
pencinta,pecinta
pencitran,pencitraan
penderitan,penderitaan
pendiem,pendiam
pengantian,penggantian
pengen,ingin
pengerjan,pengerjaan
pengerjanya,pengerjaannya
penghargan,penghargaan
pengila,penggila
penginapa,penginapan
penginepan,penginapan
pengmuman,pengumuman
penguna,pengguna
pengunan,penggunaan
perasan,perasaan
perasanku,perasaanku
perasanmu,perasaanmu
perduli,peduli
perjlanan,perjalanan
perkiran,perkiraan
perkoro,perkara
perktaan,perkataan
perktan,perkataan
permaenan,permainan
permasalahanya,permasalahannya
pertanyanya,pertanyaannya
pertanyanye,pertanyaannya
pesen,pesan
pesenan,pesanan
pesenanku,pesananku
pg,pagi
pgang,pegang
pgar,pagar
pgen,ingin
pggl,panggil
pgguna,pengguna
pgi,pagi
pgi2,pagi-pagi
pgl,panggil
pgn,ingin
pgnnya,inginnya
pguna,pengguna
phk,pihak
photo,foto
picnic,piknik
picnya,gambarnya
pics,gambar
picture,gambar
pijet,pijat
pijete,pijatnya
pilgub,pemilihan gubernur
pingin,ingin
pinjem,pinjam
pinjeman,pinjaman
pinjemin,pinjamkan
pinten,berapa
pinter,pintar
piro,berapa
pis,damai
pisan,sekali
piscok,pisang cokelat
piye,bagaimana
pk,pakai
pkai,pakai
pke,pakai
pkek,pakai
pkeknyo,pakainya
pkerjaan,pekerjaan
pkerjan,pekerjaan
pket,paket
pkok,pokok
pkoke,pokoknya
pkoknya,pokoknya
pkt,paket
place,tempat
please,*memohon
plen,teman
plend,teman
plg,pulang
plh,pilih
plih,pilih
plihan,pilihan
plihanmu,pilihanmu
plihannya,pilihannya
plihanya,pilihannya
plis,*memohon
pljar,pelajar
plng,pulang
plnggan,pelanggan
pls,pulsa
plsa,pulsa
pmain,pemain
pmbelian,pembelian
pmbngn,pembangunan
pmbngnn,pembangunan
pmbyran,pembayaran
pmenang,pemenang
pmeran,pameran
pnasx,panasnya
pndah,pindah
pndahkn,pindahkan
pndai,pandai
pndeta,pendeta
pndh,pindah
pndhkan,pindahkan
pndk,pendek
pndngn,pandangan
pndok,pondok
pnempatan,penempatan
png,ingin
pngaduan,pengaduan
pngamatan,pengamatan
pngandaran,pangandaran
pngantin,pengantin
pngawas,pengawas
pngecekan,pengecekan
pngeckn,pengecekan
pngemar,penggemar
pngemudi,pengemudi
pngen,ingin
pnggemar,penggemar
pnggil,panggil
pnggila,panggilan
pnggiln,panggilan
pnggiran,pinggiran
pnggl,panggil
pngguna,pengguna
pngil,panggil
pngila,panggilan
pngiln,penggilan
pngiran,pinggiran
pngkal,pangkal
pngkatan,pangkatan
pngl,panggil
pngn,ingin
pngnnya,inginnya
pngnya,inginnya
pngthan,pengetahuan
pnguna,pengguna
pngunjungna,pengunjungnya
pngusaha,pengusaha
pnh,pernah
pnjam,pinjam
pnjang,panjang
pnjem,pinjam
pnngkatan,peningkatan
pnter,pintar
pntes,pantas
pntg,penting
pnting,penting
pntng,penting
pntu,pintu
pnuh,penuh
pnumpang,penumpang
pnungang,penunggang
pny,punya
pnya,punya
pokoke,pokoknya
pokokmen,pokoknya
pokokna,pokoknya
pokokny,pokoknya
pokoknyah,pokoknya
pokoknye,pokoknya
ponakan2,ponakan-ponakan
posisix,posisinya
position,posisi
positip,positif
positive,positif
poto,foto
poto2,foto-foto
potone,fotonya
potonga,potongan
potongane,potongannya
potonganya,potongannya
potongny,potongannya
prancis,perancis
prasaan,perasaan
prasamu,perasaanmu
prasan,perasaan
prbaikn,perbaikan
prbndinganya,perbandingannya
prbyar,prabayar
prcaya,percaya
prcya,percaya
prduk,produk
prepare,persiapan
present,hadir
prformance,pertunjukan
prg,pergi
prgi,pergi
prginy,perginya
prginya,perginya
prhatian,perhatian
prhatin,perhatikan
prhtungan,perhitungan
price,harga
prlu,perlu
prmintaan,permintaan
prmslhkan,permasalahkan
prmukaan,permukaan
prmukan,permukaan
prnah,pernah
prngkt,perangkat
prnh,pernah
produck,produk
product,produk
promise,berjanji
prtm,pertama
prtma,pertama
prtunjukan,pertunjukan
prumahan,perumahan
prusahaan,perusahaan
prusahan,perusahaan
prushaan,perusahaan
prushan,perusahaan
prustasi,frustasi
prwakilan,perwakilan
ps.mingu,pasar minggu
ps.rebo,pasar rebo
psang,pasang
psangin,pasangkan
psat,pusat
psawat,pesawat
pscabyar,pascabayar
psi,pssi
pst,pasti
psti,pasti
pstikan,pastikan
pstikn,pastikan
pstkn,pastikan
psukan,pasukan
pswt,pesawat
ptgs,petugas
pth,putih
ptih,putih
ptngn,potongan
ptong,potong
ptongn,potongan
puanas,panas
public,publik
pulg,pulang
pulkam,pulang kampung
pulng,pulang
punten,maaf
punx,punya
puny,punya
pupuler,popular
pura2,pura-pura
puteri,putri
puth,putih
putrie,putri
putry,putri
py,bagaimana
pye,bagaimana
q,saya
qlw,kalau
qm,kamu
qt,kita
qta,kita
qu,saya
quality,kualitas
quiz,kuis
raiso,tidak bisa
rame,ramai
rame2,ramai-ramai
rasax,rasanya
realitinya,realitanya
receptionist,resepsionis
regi,harga
relation,relasi
relationship,hubungan
relax,santai
reliability,tahan uji
remember,ingat
remembers,mengingatkan
remembr,ingat
repair,perbaiki
repeat,ulangi
replacement,penggantian
replay,pengulangan
report,laporan
reports,laporan
resources,sumberdaya
respect,rasa hormat
revelusion,revolusi
reverse,kebalikan
review,tinjau
reward,hadiah
rgunan,ragunan
rmah,rumah
rmai,ramai
rmbut,rambut
rmh,rumah
rncana,rencana
rncn,rencana
rncna,rencana
row,baris
rsa,rasa
rsak,rusak
rsany,rasanya
rsanya,rasanya
sabaraha,berapa
sabarahaeun,berapa
saeutik,sedikit
safetybelt,sabuk pengaman
saia,saya
saiki,sekarang
sajah,saja
sakalian,sekalian
sam2,sama-sama
sama2,sama-sama
sampe,sampai
sampein,sampaikan
samperin,datangi
samrinda,samarinda
sangad,sangat
sanget,sangat
sangune,uang sakuku
sangup,sanggup
sante2,santai-santai
sapa,siapa
sapah,siapa
sape,siapa
sarano,sarannya
saranya,sarannya
sarap,saraf
sare,tidur
sarebuan,seribuan
sareng,bareng
sat,saat
satuany,satuannya
satuju,setuju
saudra,saudara
sbaliknya,sebaliknya
sbar,sabar
sbb,sebagai berikut
sbel,sebel
sbelah,sebelah
sbelom,sebelum
sbelum,sebelum
sbelumnya,sebelumnya
sbenarnya,sebenarnya
sbenernya,sebenarnya
sberapo,seberapa
sbg,sebagai
sbgai,sebagai
sbgi,sebagai
sbginya,sebagainya
sbk,sibuk
sblah,sebelah
sblh,sebelah
sblm,sebelum
sblmnya,sebelumnya
sblom,sebelum
sblum,sebelum
sbner,sebenarnya
sbnernya,sebenarnya
sbnrnya,sebenarnya
sbnrnye,sebenarnya
sbntar,sebentar
sbnyk,sebanyak
sbongkah,sebingkah
sbr,sabar
sbraha,berapa
sbrnya,sebenarnya
sbrp,seberapa
sbtr,sebentar
sbtu,sabtu
sbuah,sebuah
sbuk,sibuk
sbut,sebut
sbutin,sebutkan
scandal,skandal
scepatnya,secepatnya
sceptnya,secepatnya
sch,sekolah
schol,sekolah
scholarship,beasiswa
scptny,secepatnya
scptnya,secepatnya
scr,secara
scra,secara
sdah,sudah
sdap,sedap
sdekah,sedekah
sdg,sedang
sdh,sudah
sdih,sedih
sdikit,sedikit
sdkh,sedekah
sdkit,sedikit
sdkt,sedikit
sdng,sedang
sdngkan,sedangkan
sdotan,sedotan
sdra2,saudara-saudara
sebenrnya,sebenarnya
seberapo,seberapa
seblm,sebelum
seblum,sebelum
seblumnya,sebelumnya
sebnarnye,sebenarnya
sebntr,sebentar
sebrang,seberang
sebrangnya,seberangnya
secepetnya,secepatnya
secret,rahasia
security,keamanan
sedaya,semua
sekate,sekata
sekate-kate,sekata-kata
seken,bekas
seklian,sekalian
sekola,sekolah
selese,selesai
seling,selling
seller,penjual
selow,santai
semarfren,smartfren
semlm,semalam
semngat,semangat
sempeet,sempat
send,terkirim
senen,senin
seneng,senang
sepda,sepeda
sepert,seperti
sept,september
service,servis
sgala,segala
sgar,segar
sgera,segera
sgini,segini
sgitu,segitu
sgni,segini
sgt,sangat
shg,sehingga
sht,sehat
siapin,siapkan
signal,sinyal
signalnya,sinyalnya
siji,satu
silahakan,silahkan
silhkan,silahkan
simpen,simpan
simpenan,simpanan
simple,simpel
sitik,sedikit
sj,saja
sja,saja
sjti,sejati
skali,sekali
skali2,sekali-kali
skalian,sekalian
skaligus,sekaligus
skalinya,sekalinya
skarang,sekarang
skg ,sekarang
skit,sakit
skitar,sekitar
skitaran,sekitaran
sklh,sekolah
skola,sekolah
skolah,sekolah
skrg,sekarang
skrng,sekarang
slahkn,silahkan
slain,selain
slalu,selalu
slama,selama
slamat,selamat
slangkah,selangkah
slanjut,selanjut
slanjutnya,selanjutnya
slesai,selesai
slgkuh,selingkuh
slh,salah
slhkan,silahkan
slhkn,silahkan
slmat,selamat
slmt,selamat
slow,santai
slrh,seluruh
slruh,seluruh
slsai,selesai
slse,selesai
slu,selalu
sm,sama
smbg,sombong
smbhyg,sembahyang
smbil,sambil
smbl,sambil
smbong,sombong
smbuh,sembuh
smbung,sambung
smcam,semacam
smcm,semacam
smg,semoga
smga,semoga
smgat,semangat
smgt,semangat
smingu,seminggu
smlem,semalam
smlm,semalam
smoga,semoga
smpah,sumpah
smpai,sampai
smpaikn,sampaikan
smpati,simpati
smpe,sampai
smph,sumpah
smpi,sampai
smpingan,sampingan
smpurna,sempurna
smtr,semester
smua,semua
smw,semua
smwa,semua
sna,sana
sndiri,sendiri
sndirian,sendirian
sndr,sendiri
snen,senin
sneng,senang
sng,senang
sngaja,sengaja
sngat,sangat
sngj,sengaja
sngt,sangat
snguh,sungguh
snilai,senilai
so,jadi
sodara,saudara
sodaraan,bersaudara
sodaramu,saudaramu
sodaran,bersaudara
sodarany,saudaranya
solat,salat
sory,maaf
spnjag,sepanjang
sprt,seperti
sprti,seperti
sprtinya,sepertinya
spt,seperti
spti,seperti
sptny,sepertinya
sptnya,sepertinya
spu2,sepupu
spupu,sepupu
sputar,seputar
spy,supaya
spya,supaya
srapan,sarapan
sratus,seratus
srg,sering
sribu,seribu
sring,sering
srius,serius
sruh,suruh
srvcnya,servisnya
srvice,servis
standard,standar
statement,kalimat
stdy,studi
stengah,setengah
stgah,setengah
stgh,setengah
stia,setia
stiap,setiap
sticker,stiker
still,masih
stingi,setinggi
stlah,setelah
stlh,setelah
stngah,setengah
stngh,setengah
stock,persediaan
stuju,setuju
stupid,bodoh
subjec,subjek
subject,subjek
sulsel,sulawesi selatan
sumpeh,sumpah
sumph,sumpah
sunguh,sungguh
sunguh-sunguh,sungguh-sungguh
sunguh2,sungguh-sungguh
sunguhan,sungguhan
swt,subhanahu wata'ala
sy,saya
sya,saya
syg,sayang
syp,siapa
sypa,siapa
syudah,sudah
syukr,terimakasih
syukron,terimakasih
tahzan,bersedih
tajir,kaya
tak,tidak
takada,tidak ada
takan,tidak akan
takboleh,tidak boleh
takda,tidak ada
takdapat,tidak dapat
takde,tidak ada
takdo,tidak ada
takeabath,mandi
takjugak,tidak juga
takkan,tidak akan
takleh,tidak boleh
taklukan,taklukkan
takmau,tidak mau
takmintak,saya minta
taknak,tidak enak
taknampak,tidak nampak
takok,tanya
takon,tanya
takpa,tidak apa-apa
takpe,tidak apa-apa
taksuka,tidak suka
taktau,tidak tau
tanggalny,tanggalnya
tanggane,tetangganya
tangi,bangun
tangkep,tangkap
tangkiny,tangkinya
tanguh,tangguh
tangung,tanggung
tanks,terimakasih
tanye,tanya
tar,nanti
tasih,masih
taudah,tau dah
taudeh,tau dah
taugak,tau tidak
taun,tahun
taunan,tahunan
taunih,tau nih
tauny,taunya
td,tadi
tdaftar,terdaftar
tdak,tidak
tdi,tadi
tdiny,tadinya
tdinya,tadinya
tdk,tidak
tebakar,terbakar
tebel,tebal
tebengkalai,terbengkalai
tegoran,teguran
tejual,terjual
tekape,Tempat Kejadian Perkara
tekok,tanya
tekon,tanya
telfon,telepon
telimakacih,terimakasih
telp,telepon
telpon,telepon
telu,tiga
temn,teman
tenks,terimakasih
tenkyu,terimakasih
tentuin,tentukan
terbnyak,terbanyak
tereak,teriak
terpangang,terpanggang
tetep,tetap
teteup,tetap
teu,tidak
tga,tega
tgah,tengah
tgantung,tergantung
tggal,tanggal
tggalan,tanggalan
tggi,tinggi
tggl,tanggal
tggu,tunggu
tgihan,tagihan
tgjawab,tanggungjawab
tgkat,tingkat
tgl,tanggal
tgn,tangan
tgs,tugas
thanks,terimakasih
thanx,terimakasih
they,mereka
thn,tahun
thx,terimakasih
tidor,tidur
tiker,tikar
time,waktu
timnas,tim nasional
tingal,tinggal
tingalen,tinggalkan saja
tingalin,tinggalkan
tinggl,tinggal
tingi,tinggi
tjawab,terjawab
tjd,terjadi
tkejut,terkejut
tkg,tukang
tki,tenaga kerja Idonesia
tkp,Tempat Kejadian Perkara
tkpaham,tidak paham
tkpe,Tempat Kejadian Perkara
tks,terimakasih
tku,beli
tkut,takut
tkutnya,takutnya
tlah,telah
tlanjur,terlanjur
Tlf,telepon
tlg,tolong
tlh,telah
tlng,tolong
tlong,tolong
tlor,telor
tlp,telepon
tlpn,telepon
tlpnan,teleponan
tman,teman
tmbah,tambah
tmben,tumben
tmbh,tambah
tmbhan,tambahan
tmbhn,tambahan
tmen,teman
tmenan,berteman
tmenya,temannya
tmn,teman
tmnin,temani
tmnny,temannya
tmnnya,temannya
tmpat,tempat
tmpat2,tempat-tempat
tmpatny,tempatnya
tmpt,tempat
tmsk,termasuk
tmt,tamat
tmu,temu
tmukn,temukan
tnang,tenang
tndk,tindak
tndng,tanding
tng,tenang
tngah,tengah
tngal,tinggal
tngerang,tangerang
tnggal,tinggal
tnggi,tinggi
tnggl,tinggal
tnggu,tunggu
tnggung,tanggung
tngh,tengah
tngi,tinggi
tngkap,tangkap
tngkrongan,tongkrongan
tngl,tinggal
tngn,tangan
tngrng,tangerang
tngu,tunggu
tnp,tanpa
tnpa,tanpa
tntu,tentu
tny,tanya
tnya,tanya
tnyaen,tanyakan
tnye,tanya
tnykan,tanyakan
tnyt,ternyata
to,untuk
today,hari ini
tonight,malam ini
tp,tetapi
tpi,tapi
tpt,tepat
tq,terimakasih
trbaik,terbaik
trbang,terbang
trbaru,terbaru
trbng,terbang
trbntuk,terbentuk
trbnyk,terbanyak
trbuat,terbuat
trcela,tercela
tresno,suka
trf,tarif
trget,target
trgntung,tergantung
trguling,terguling
trhambat,terhambat
trhormat,terhormat
trhrmat,terhormat
triak,teriak
trjd,terjadi
trjual,terjual
trkait,terkait
trkenal,terkenal
trkhir,terakhir
trktir,traktir
trlalu,terlalu
trlanjur,terlanjur
trlihat,terlihat
trllu,terlalu
trlu,terlalu
trm,terima
trmasuk,termasuk
trminal,terminal
trminat,terminat
trmksi,terimakasih
trmsk,termasuk
trnsaksi,transaksi
trnsksi,transaksi
trnyata,ternyata
trnyt,ternyata
trptong,terpotong
trpuji,terpuji
trs,terus
trserah,terserah
trtentu,tertentu
TRUE,benar
trus,terus
trust,terpercaya
trutama,terutama
truth,kebenaran
try,mencoba
trz,terus
tsb,tersebut
ttap,tetap
ttapi,tetapi
ttd,tanda tangan
ttng,tentang
ttpi,tetapi
ttwa,tertawa
tu,itu
tuiter,twitter
tuiteran,twitteran
tuiterku,twitterku
tuker,tukar
tukeran,bertukar
tukoke,belikan
tukokne,belikan
tukokno,belikan
tukr,tukar
tuku,beli
tukuen,beli saja
tungu,tunggu
tungulah,tunggulah
tunjukan,tunjukkan
tunjukin,tunjukkan
turu,tidur
tv,televisi
twet,tweet
twit,tweet
twiter,twitter
twiteran,twitteran
u,kamu
u/,untuk
ud,sudah
uda,sudah
udah,sudah
Ude,sudah
udeh,sudah
udh,sudah
uga,tidak
ugak,tidak
ujan,hujan
uke,oke
ulngn,ulangan
ultah,ulang tahun
ulth,ulang tahun
uncle,paman
unyu,lucu
unyukan,lucukan
utamain,utamakan
utk,untuk
vacation,liburan
vidio,video
w,saya
wadh,aduh
wadoh,aduh
wadon,perempuan
wadu,aduh
waduh,aduh
wae,saja
wagub,wakil gubernur
wait,tunggu
walaupn,walaupun
want,ingin
wareg,kenyang
warkop,warung kopi
warteg,warung tegal
wat,untuk
web,situs
website,situs
wedok,perempuan
wekday,weekday
wekeend,akhir pekan
wekend,akhir pekan
wes,sudah
what,apa
when,kapan
where,dimana
while,ketika
why,kenapa
win,menang
wis,sudah
wkt,waktu
wktu,waktu
wktuny,waktunya
wktunya,waktunya
wnita,wanita
woman,wanita
women,wanita
wonten,ada
Wontene,yang ada
words,kata
work,bekerja
world,dunia
wrn,warna
wrna,warna
wtf,bangsat
Wuedan,edan
yaolo,Ya Allah
yaoloh,Ya Allah
Yaowoh,Ya Allah
yaud,ya sudah
Yauda,ya sudah
yaudah,ya sudah
Yaude,ya sudah
yaudeh,ya sudah
yaudh,ya sudah
yawdah,ya sudah
yawes,ya sudah
yaweslah,ya sudahlah
yawlloh,Ya Allah
yawloh,Ya Allah
Yawoh,Ya Allah
Ydh,ya sudah
year,tahun
yearbok,buku tahunan
yearbook,buku tahunan
yegak,iya tidak
yes,ya
yg,yang
yng,yang
yo,ya
yoi,ya
you,kamu
yowes,ya sudah
yoweslah,ya sudahlah
yowis,ya sudah
yth,yang terhormat
yudeh,ya sudah
yudh,ya sudah
ywd,ya sudah
ywdah,ya sudah
ywdh,ya sudah
ywdhlh,ya sudahlah
ywis,ya sudah
